year,contracts,amount_mln_rub
2024,4,75.457751
2025,5,57.2
2026,1,1.251542
